{"cameraMode":{"drawMode":0,"name":"Shaded","section":"Shading Mode"},"sceneLighting":true,"audioPlay":false,"sceneViewState":{"m_AlwaysRefresh":false,"showFog":true,"showSkybox":true,"showFlares":true,"showImageEffects":true,"showParticleSystems":true,"showVisualEffectGraphs":true,"m_FxEnabled":true},"in2DMode":false,"pivot":{"x":-21.270936965942384,"y":13.429089546203614,"z":-13.425528526306153},"rotation":{"x":-0.04557144641876221,"y":-0.025470929220318795,"z":-0.0011632806854322553,"w":0.9986380338668823},"size":58.675071716308597,"orthographic":true}