{"cameraMode":{"drawMode":0,"name":"Shaded","section":"Shading Mode"},"sceneLighting":true,"audioPlay":false,"sceneViewState":{"m_AlwaysRefresh":false,"showFog":true,"showSkybox":true,"showFlares":true,"showImageEffects":true,"showParticleSystems":true,"showVisualEffectGraphs":true,"m_FxEnabled":true},"in2DMode":false,"pivot":{"x":-2.6584599018096926,"y":1.5794413089752198,"z":22.09614372253418},"rotation":{"x":0.17694860696792603,"y":0.011810344643890858,"z":-0.0021235139574855568,"w":0.9841477274894714},"size":17.655302047729493,"orthographic":true}