{"cameraMode":{"drawMode":0,"name":"Shaded","section":"Shading Mode"},"sceneLighting":false,"audioPlay":false,"sceneViewState":{"m_AlwaysRefresh":false,"showFog":true,"showSkybox":false,"showFlares":true,"showImageEffects":true,"showParticleSystems":true,"showVisualEffectGraphs":true,"m_FxEnabled":true},"in2DMode":false,"pivot":{"x":7.618166446685791,"y":2.722188711166382,"z":7.055913925170898},"rotation":{"x":-0.014997881837189198,"y":-0.014396000653505326,"z":-0.00021594726422335953,"w":0.9997840523719788},"size":5.67344856262207,"orthographic":true}