{"cameraMode":{"drawMode":0,"name":"Shaded","section":"Shading Mode"},"sceneLighting":false,"audioPlay":false,"sceneViewState":{"m_AlwaysRefresh":false,"showFog":true,"showSkybox":false,"showFlares":true,"showImageEffects":true,"showParticleSystems":true,"showVisualEffectGraphs":true,"m_FxEnabled":true},"in2DMode":false,"pivot":{"x":-12.428485870361329,"y":0.6142798662185669,"z":9.062248229980469},"rotation":{"x":0.0164870023727417,"y":-0.038383256644010547,"z":0.0006333893979899585,"w":0.9991287589073181},"size":3.8040101528167726,"orthographic":true}